DELETE FROM PRODUCTO_PEDIDO;
DELETE FROM PRODUCTO_ALMACEN;
DELETE FROM MONTAJE;
DELETE FROM VENTA;
DELETE FROM PRODUCTO;
DELETE FROM ALMACEN;
DELETE FROM PEDIDO;
DELETE FROM PROVEEDOR;
DELETE FROM PRESUPUESTO;
DELETE FROM CLIENTE;
DELETE FROM TRABAJADOR;
DELETE FROM VACACIONES;


INSERT INTO CLIENTE(DNI,NOMBRE, APELLIDOS, CORREO) VALUES ('123456789', 'Juan', 'Rodríguez', 'sermual@gmail.com');
INSERT INTO CLIENTE(DNI,NOMBRE, APELLIDOS, CORREO) VALUES ('987654321', 'Ramón', 'Fernández', 'sermual@gmail.com');
INSERT INTO CLIENTE(DNI,NOMBRE, APELLIDOS, CORREO) VALUES ('135792468', 'Pablo', 'Álvarez', 'sermual@gmail.com');

-- PARA QUE SE ASIGNEN
INSERT INTO PRESUPUESTO (ID_PRESUPUESTO, STATUS_PRESUPUESTO, FECHA_LIMITE) VALUES ('qwerty',  'PENDIENTE', TO_DATE('05/10/2021 19:01:41','DD/MM/YYYY HH24:MI:SS'));
INSERT INTO PRESUPUESTO (ID_PRESUPUESTO, STATUS_PRESUPUESTO, FECHA_LIMITE) VALUES ('seirhr',  'PENDIENTE', TO_DATE('06/10/2021 19:01:41','DD/MM/YYYY HH24:MI:SS'));
INSERT INTO PRESUPUESTO (ID_PRESUPUESTO, STATUS_PRESUPUESTO, FECHA_LIMITE) VALUES ('aewrtg',  'PENDIENTE', TO_DATE('07/6/2021 19:01:41','DD/MM/YYYY HH24:MI:SS'));


-- LOS TRABAJADORES

INSERT INTO TRABAJADOR (ID_TRABAJADOR, NOMBRE, APELLIDOS, DNI, CONTRASEÑA, HORA_INICIO, HORA_FINAL, TIPO, TELEFONO) VALUES
('dario', 'Dario', 'Martinez', '4543156', '1000:2d6b44d7b8c9a98f2a2e613d7bc1ab3d:2b2fedc938a3ea3618a2266177063df950a34f60324403e5d547b6e47ec5de726aab36a4d0682cd4ddc631b70f13da73d134903186f45ad046c537a2a30b79eb', '8:00', '13:00', 'empleado', '987654321');

INSERT INTO TRABAJADOR (ID_TRABAJADOR, NOMBRE, APELLIDOS, DNI, CONTRASEÑA, HORA_INICIO, HORA_FINAL, TIPO, TELEFONO) VALUES
('efren', 'Efren', 'García', '73823847', '1000:e4a6d19c549ec311f2e575ee50b3a8f5:53b351cfcf683fb75dac9595760808e8b258215c48c70c750d688b74527e77f44a712605ff5e6a11ab96a2aade2dd4aa8bd310eed10a6c8ca10376b431f5283a', '12:00', '18:30', 'almacen', '135682468');

INSERT INTO TRABAJADOR (ID_TRABAJADOR, NOMBRE, APELLIDOS, DNI, CONTRASEÑA, HORA_INICIO, HORA_FINAL, TIPO, TELEFONO) VALUES
('sergio', 'Sergio', 'Murillo', '3429', '1000:2c056d18af9eca3cdbb151c7c50685dd:dce6187c4ffe614d29241e0a851d48d90b42ee5371ce683dd815a84908d540fa4f9026480f68cd932b4565742e6ec812a49b73386a2d86517d31a0421abba7e5', '14:00', '20:00', 'transportista', '123456789');

INSERT INTO TRABAJADOR (ID_TRABAJADOR, NOMBRE, APELLIDOS, DNI, CONTRASEÑA, HORA_INICIO, HORA_FINAL, TIPO, TELEFONO) VALUES
('ana', 'Ana', 'Álvarez', '98765432', '1000:fbccfdf010e13947ef4a06683fed106c:eaa83ac012c19ccb7452d8feae62996a6673589d5cbfffbc8205790cdaaec36dba8fcbe75fe1536866982c8f5c27dc18426362b47bf540e0534ce40555924b05', '12:00', '20:00','transportista', '985601212');
-- TRABAJADORES EXTRA
INSERT INTO TRABAJADOR (ID_TRABAJADOR, NOMBRE, APELLIDOS, DNI, CONTRASEÑA, HORA_INICIO, HORA_FINAL, TIPO, TELEFONO) VALUES
('empleado1', 'Paco', 'Martínez Rodríguez', '63543', '1246', '06:00', '20:00', 'empleado', '985603456');

-- PARA PASAR A VENTA
INSERT INTO PRESUPUESTO (ID_PRESUPUESTO, DNI_CLIENTE, STATUS_PRESUPUESTO, FECHA_LIMITE) VALUES ('abcdef', '123456789', 'PENDIENTE', TO_DATE('05/10/2021 19:01:41','DD/MM/YYYY HH24:MI:SS'));
INSERT INTO PRESUPUESTO (ID_PRESUPUESTO, DNI_CLIENTE, STATUS_PRESUPUESTO, FECHA_LIMITE) VALUES ('ghijkl', '135792468', 'PENDIENTE', TO_DATE('06/10/2021 19:01:41','DD/MM/YYYY HH24:MI:SS'));
INSERT INTO PRESUPUESTO (ID_PRESUPUESTO, DNI_CLIENTE, STATUS_PRESUPUESTO, FECHA_LIMITE) VALUES ('mnopqr', '123456789', 'PENDIENTE', TO_DATE('07/6/2021 19:01:41','DD/MM/YYYY HH24:MI:SS'));

INSERT INTO PRESUPUESTO (ID_PRESUPUESTO, DNI_CLIENTE, STATUS_PRESUPUESTO, FECHA_LIMITE) VALUES ('asdfgh', '987654321', 'ACEPTADO', TO_DATE('10/8/2021 19:01:41','DD/MM/YYYY HH24:MI:SS'));
INSERT INTO PRESUPUESTO (ID_PRESUPUESTO, DNI_CLIENTE, STATUS_PRESUPUESTO, FECHA_LIMITE) VALUES ('zxcvbn', '135792468', 'ACEPTADO', TO_DATE('13/3/2021 19:01:41','DD/MM/YYYY HH24:MI:SS'));

INSERT INTO VENTA (ID_VENTA, FECHA_VENTA, ID_PRESUPUESTO, ESTADO,ID_VENDEDOR) VALUES ('venta4', TO_DATE('04/11/2021 19:01:41','DD/MM/YYYY HH24:MI:SS'),'abcdef', 'PENDIENTE','dario');
INSERT INTO VENTA (ID_VENTA, FECHA_VENTA, ID_PRESUPUESTO, ESTADO,ID_VENDEDOR) VALUES ('venta5', TO_DATE('14/11/2021 19:01:41','DD/MM/YYYY HH24:MI:SS'),'ghijkl', 'PENDIENTE','empleado1');
INSERT INTO VENTA (ID_VENTA, FECHA_VENTA, ID_PRESUPUESTO, ESTADO,ID_VENDEDOR) VALUES ('venta6', TO_DATE('04/1/2021 19:01:41','DD/MM/YYYY HH24:MI:SS'),'asdfgh', 'PENDIENTE','dario');
INSERT INTO VENTA (ID_VENTA, FECHA_VENTA, ID_PRESUPUESTO, ESTADO,ID_VENDEDOR) VALUES ('venta7', TO_DATE('14/3/2021 19:01:41','DD/MM/YYYY HH24:MI:SS'),'zxcvbn', 'PENDIENTE','empleado1');


INSERT INTO ALMACEN(ID_ALMACEN) VALUES ('almacen1');
INSERT INTO ALMACEN(ID_ALMACEN) VALUES ('almacen2');
INSERT INTO ALMACEN(ID_ALMACEN) VALUES ('almacen3');


INSERT INTO PRODUCTO (ID_PRODUCTO, NOMBRE_PRODUCTO, TIPO_PRODUCTO, PRECIO) VALUES ('cama1','Cama de madera','Cama', 200);
INSERT INTO PRODUCTO (ID_PRODUCTO, NOMBRE_PRODUCTO, TIPO_PRODUCTO, PRECIO) VALUES ('mesa1', 'Mesa de Cristal', 'Mesa', 100);
INSERT INTO PRODUCTO (ID_PRODUCTO, NOMBRE_PRODUCTO, TIPO_PRODUCTO, PRECIO) VALUES ('sofa1', 'Sofá de piel' , 'Sofá', 500);


INSERT INTO PRODUCTO (ID_PRODUCTO, NOMBRE_PRODUCTO, PRECIO, TIPO_PRODUCTO) VALUES ('sofa3','Sofá rinconera', 800,'Sofá');
INSERT INTO PRODUCTO (ID_PRODUCTO, NOMBRE_PRODUCTO, PRECIO, TIPO_PRODUCTO) VALUES ('sofa2', 'Sofá especial', 995,'Sofá');
INSERT INTO PRODUCTO (ID_PRODUCTO, NOMBRE_PRODUCTO, PRECIO, TIPO_PRODUCTO) VALUES ('sofa4', 'Sofá normal', 500, 'Sofá');
INSERT INTO PRODUCTO (ID_PRODUCTO, NOMBRE_PRODUCTO, PRECIO, TIPO_PRODUCTO) VALUES ('mesa2', 'Mesa de madera', 150, 'Mesa');



INSERT INTO PROVEEDOR (ID_PROVEEDOR) VALUES ('proveedor1');


INSERT INTO PEDIDO (ID_PEDIDO, ID_PROVEEDOR, STATUS_PEDIDO,URGENTE,FECHA_PEDIDO) VALUES ('pedido5', 'proveedor1', 'SOLICITADO',FALSE,TO_DATE('15/11/2021 19:01:41','DD/MM/YYYY HH24:MI:SS'));
INSERT INTO PEDIDO (ID_PEDIDO, ID_PROVEEDOR, STATUS_PEDIDO,URGENTE,FECHA_PEDIDO) VALUES ('pedido4', 'proveedor1', 'SOLICITADO',TRUE,TO_DATE('18/11/2021 19:01:41','DD/MM/YYYY HH24:MI:SS'));


INSERT INTO MONTAJE(ID_PRESUPUESTO, ID_PRODUCTO,EN_CASA, LLEVAR_CASA, UNIDADES) VALUES ('qwerty', 'cama1', TRUE, TRUE, 12);
INSERT INTO MONTAJE(ID_PRESUPUESTO, ID_PRODUCTO,EN_CASA, LLEVAR_CASA, UNIDADES) VALUES ('asdfgh', 'sofa1', TRUE, TRUE, 5);
INSERT INTO MONTAJE(ID_PRESUPUESTO, ID_PRODUCTO,EN_CASA, LLEVAR_CASA, UNIDADES) VALUES ('asdfgh', 'mesa1', FALSE, FALSE, 56);
INSERT INTO MONTAJE(ID_PRESUPUESTO, ID_PRODUCTO,EN_CASA, LLEVAR_CASA, UNIDADES) VALUES ('zxcvbn', 'mesa1', TRUE, FALSE, 10);

INSERT INTO MONTAJE(ID_PRESUPUESTO, ID_PRODUCTO,EN_CASA, LLEVAR_CASA, UNIDADES) VALUES ('abcdef', 'cama1', TRUE, TRUE, 12);
INSERT INTO MONTAJE(ID_PRESUPUESTO, ID_PRODUCTO,EN_CASA, LLEVAR_CASA, UNIDADES) VALUES ('ghijkl', 'sofa1', TRUE, TRUE, 32);
INSERT INTO MONTAJE(ID_PRESUPUESTO, ID_PRODUCTO,EN_CASA, LLEVAR_CASA, UNIDADES) VALUES ('mnopqr', 'mesa1', TRUE, TRUE, 1);



INSERT INTO MONTAJE(ID_PRESUPUESTO, ID_PRODUCTO,EN_CASA, LLEVAR_CASA, UNIDADES) VALUES ('asdfgh', 'cama1', FALSE, FALSE, 12);
INSERT INTO MONTAJE(ID_PRESUPUESTO, ID_PRODUCTO,EN_CASA, LLEVAR_CASA, UNIDADES) VALUES ('seirhr', 'cama1', FALSE, FALSE, 23);
INSERT INTO MONTAJE(ID_PRESUPUESTO, ID_PRODUCTO,EN_CASA, LLEVAR_CASA, UNIDADES) VALUES ('aewrtg', 'mesa1', TRUE, FALSE, 34);
INSERT INTO MONTAJE(ID_PRESUPUESTO, ID_PRODUCTO,EN_CASA, LLEVAR_CASA, UNIDADES) VALUES ('zxcvbn', 'sofa1', FALSE, FALSE, 56);



INSERT INTO PRODUCTO_PEDIDO(ID_PRODUCTO, ID_PEDIDO,UNIDADES) VALUES ('sofa2', 'pedido5',25);
INSERT INTO PRODUCTO_PEDIDO(ID_PRODUCTO, ID_PEDIDO,UNIDADES) VALUES ('sofa3', 'pedido5',13);
INSERT INTO PRODUCTO_PEDIDO(ID_PRODUCTO, ID_PEDIDO,UNIDADES) VALUES ('sofa1', 'pedido4',18);
INSERT INTO PRODUCTO_PEDIDO(ID_PRODUCTO, ID_PEDIDO,UNIDADES) VALUES ('sofa2', 'pedido4',30);

INSERT INTO PRODUCTO_ALMACEN(ID_PRODUCTO, ID_ALMACEN,UNIDADES_ALMACENADAS) VALUES ('cama1', 'almacen1',45);
INSERT INTO PRODUCTO_ALMACEN(ID_PRODUCTO, ID_ALMACEN,UNIDADES_ALMACENADAS) VALUES ('mesa1', 'almacen2',12);
INSERT INTO PRODUCTO_ALMACEN(ID_PRODUCTO, ID_ALMACEN,UNIDADES_ALMACENADAS) VALUES ('sofa1', 'almacen3',3);
INSERT INTO PRODUCTO_ALMACEN(ID_PRODUCTO, ID_ALMACEN,UNIDADES_ALMACENADAS) VALUES ('sofa3', 'almacen1',3);
INSERT INTO PRODUCTO_ALMACEN(ID_PRODUCTO, ID_ALMACEN,UNIDADES_ALMACENADAS) VALUES ('sofa2', 'almacen1',5);
INSERT INTO PRODUCTO_ALMACEN(ID_PRODUCTO, ID_ALMACEN,UNIDADES_ALMACENADAS) VALUES ('sofa4', 'almacen1',3);
INSERT INTO PRODUCTO_ALMACEN(ID_PRODUCTO, ID_ALMACEN,UNIDADES_ALMACENADAS) VALUES ('mesa2', 'almacen1',5);



--- VENTAS QUE REQUIEREN DE FECHA CON SUS TRANSPORTISTAS

INSERT INTO PRESUPUESTO (ID_PRESUPUESTO, DNI_CLIENTE, STATUS_PRESUPUESTO, FECHA_LIMITE) VALUES ('opqrst', '135792468', 'ACEPTADO', TO_DATE('18/3/2021 19:01:41','DD/MM/YYYY HH24:MI:SS'));
INSERT INTO MONTAJE(ID_PRESUPUESTO, ID_PRODUCTO,EN_CASA, LLEVAR_CASA, UNIDADES) VALUES ('opqrst', 'cama1', FALSE, FALSE, 2);
INSERT INTO MONTAJE(ID_PRESUPUESTO, ID_PRODUCTO,EN_CASA, LLEVAR_CASA, UNIDADES) VALUES ('opqrst', 'sofa1', FALSE, FALSE, 5);
INSERT INTO VENTA (ID_VENTA, ID_TRABAJADOR, ID_PRESUPUESTO) VALUES ('ventaX', 'sergio' ,'opqrst');


INSERT INTO PRESUPUESTO (ID_PRESUPUESTO, DNI_CLIENTE, STATUS_PRESUPUESTO, FECHA_LIMITE) VALUES ('eeeeee', '135792468', 'ACEPTADO', TO_DATE('16/3/2021 19:01:41','DD/MM/YYYY HH24:MI:SS'));
INSERT INTO MONTAJE(ID_PRESUPUESTO, ID_PRODUCTO,EN_CASA, LLEVAR_CASA, UNIDADES) VALUES ('eeeeee', 'sofa1', FALSE, FALSE, 1);
INSERT INTO MONTAJE(ID_PRESUPUESTO, ID_PRODUCTO,EN_CASA, LLEVAR_CASA, UNIDADES) VALUES ('eeeeee', 'cama1', FALSE, FALSE, 2);
INSERT INTO VENTA (ID_VENTA, ID_TRABAJADOR, ID_PRESUPUESTO) VALUES ('ventaZ', 'sergio' ,'eeeeee');


--- VENTAS A LAS QUE HAY QUE ASIGNARLE UN TRANSPORTISTA Y FECHA

INSERT INTO PRESUPUESTO (ID_PRESUPUESTO, DNI_CLIENTE, STATUS_PRESUPUESTO, FECHA_LIMITE) VALUES ('ffffff', '135792468', 'ACEPTADO', TO_DATE('20/3/2021 19:01:41','DD/MM/YYYY HH24:MI:SS'));
INSERT INTO MONTAJE(ID_PRESUPUESTO, ID_PRODUCTO,EN_CASA, LLEVAR_CASA, UNIDADES) VALUES ('ffffff', 'cama1', FALSE, FALSE, 4);
INSERT INTO VENTA (ID_VENTA, ID_PRESUPUESTO) VALUES ('ventaA' ,'ffffff');

INSERT INTO PRESUPUESTO (ID_PRESUPUESTO, DNI_CLIENTE, STATUS_PRESUPUESTO, FECHA_LIMITE) VALUES ('qwaszx', '135792468', 'ACEPTADO', TO_DATE('21/3/2021 19:01:41','DD/MM/YYYY HH24:MI:SS'));
INSERT INTO MONTAJE(ID_PRESUPUESTO, ID_PRODUCTO,EN_CASA, LLEVAR_CASA, UNIDADES) VALUES ('qwaszx', 'sofa1', FALSE, FALSE, 2);
INSERT INTO MONTAJE(ID_PRESUPUESTO, ID_PRODUCTO,EN_CASA, LLEVAR_CASA, UNIDADES) VALUES ('qwaszx', 'mesa1', FALSE, FALSE, 1);
INSERT INTO VENTA (ID_VENTA, ID_PRESUPUESTO) VALUES ('ventaB','qwaszx');


-- Tengo que meter artificialmente un transporte o dos atrasados para verificar la funcionaliad

INSERT INTO PRESUPUESTO (ID_PRESUPUESTO, DNI_CLIENTE, STATUS_PRESUPUESTO, FECHA_LIMITE) VALUES ('aortir', '987654321', 'ACEPTADO', TO_DATE('18/4/2021 19:01:41','DD/MM/YYYY HH24:MI:SS'));
INSERT INTO MONTAJE(ID_PRESUPUESTO, ID_PRODUCTO,EN_CASA, LLEVAR_CASA, UNIDADES) VALUES ('aortir', 'cama1', FALSE, FALSE, 3);
INSERT INTO MONTAJE(ID_PRESUPUESTO, ID_PRODUCTO,EN_CASA, LLEVAR_CASA, UNIDADES) VALUES ('aortir', 'sofa1', FALSE, FALSE, 6);
INSERT INTO VENTA (ID_VENTA, ID_TRABAJADOR, ID_PRESUPUESTO, ESTADO, FECHA_VENTA) VALUES ('ventaC', 'sergio' ,'aortir', 'ATRASADO', TO_DATE('18/5/2021 12:01:41','DD/MM/YYYY HH24:MI:SS'));


INSERT INTO PRESUPUESTO (ID_PRESUPUESTO, DNI_CLIENTE, STATUS_PRESUPUESTO, FECHA_LIMITE) VALUES ('rpoyil', '987654321', 'ACEPTADO', TO_DATE('18/4/2021 20:01:41','DD/MM/YYYY HH24:MI:SS'));
INSERT INTO MONTAJE(ID_PRESUPUESTO, ID_PRODUCTO,EN_CASA, LLEVAR_CASA, UNIDADES) VALUES ('rpoyil', 'mesa1', FALSE, FALSE, 4);
INSERT INTO VENTA (ID_VENTA, ID_TRABAJADOR, ID_PRESUPUESTO, ESTADO, FECHA_VENTA) VALUES ('ventaD', 'sergio' ,'rpoyil', 'ATRASADO', TO_DATE('15/3/2021 12:03:41','DD/MM/YYYY HH24:MI:SS'));
